Code,Address,SearchTerm
,,77001 AND Houston
,,77002 AND Houston
,,77003 AND Houston
,,77004 AND Houston
,,77005 AND Houston
,,77006 AND Houston
,,77007 AND Houston
,,77008 AND Houston
,,77009 AND Houston
,,77010 AND Houston
,,77011 AND Houston
,,77012 AND Houston
,,77013 AND Houston
,,77014 AND Houston
,,77015 AND Houston
,,77016 AND Houston
,,77017 AND Houston
,,77018 AND Houston
,,77019 AND Houston
,,77020 AND Houston
,,77021 AND Houston
,,77022 AND Houston
,,77023 AND Houston
,,77024 AND Houston
,,77025 AND Houston
,,77026 AND Houston
,,77027 AND Houston
,,77028 AND Houston
,,77029 AND Houston
,,77030 AND Houston
,,77031 AND Houston
,,77032 AND Houston
,,77033 AND Houston
,,77034 AND Houston
,,77035 AND Houston
,,77036 AND Houston
,,77037 AND Houston
,,77038 AND Houston
,,77039 AND Houston
,,77040 AND Houston
,,77041 AND Houston
,,77042 AND Houston
,,77043 AND Houston
,,77044 AND Houston
,,77045 AND Houston
,,77046 AND Houston
,,77047 AND Houston
,,77048 AND Houston
,,77049 AND Houston
,,77050 AND Houston
,,77051 AND Houston
,,77052 AND Houston
,,77053 AND Houston
,,77054 AND Houston
,,77055 AND Houston
,,77056 AND Houston
,,77057 AND Houston
,,77058 AND Houston
,,77059 AND Houston
,,77060 AND Houston
,,77061 AND Houston
,,77062 AND Houston
,,77063 AND Houston
,,77064 AND Houston
,,77065 AND Houston
,,77066 AND Houston
,,77067 AND Houston
,,77068 AND Houston
,,77069 AND Houston
,,77070 AND Houston
,,77071 AND Houston
,,77072 AND Houston
,,77073 AND Houston
,,77074 AND Houston
,,77075 AND Houston
,,77076 AND Houston
,,77077 AND Houston
,,77078 AND Houston
,,77079 AND Houston
,,77080 AND Houston
,,77081 AND Houston
,,77082 AND Houston
,,77083 AND Houston
,,77084 AND Houston
,,77085 AND Houston
,,77086 AND Houston
,,77087 AND Houston
,,77088 AND Houston
,,77089 AND Houston
,,77090 AND Houston
,,77091 AND Houston
,,77092 AND Houston
,,77093 AND Houston
,,77094 AND Houston
,,77095 AND Houston
,,77096 AND Houston
,,77098 AND Houston
,,77099 AND Houston
,,77202 AND Houston
,,77203 AND Houston
,,77206 AND Houston
,,77207 AND Houston
,,77208 AND Houston
,,77210 AND Houston
,,77213 AND Houston
,,77215 AND Houston
,,77217 AND Houston
,,77218 AND Houston
,,77219 AND Houston
,,77220 AND Houston
,,77221 AND Houston
,,77222 AND Houston
,,77223 AND Houston
,,77224 AND Houston
,,77225 AND Houston
,,77226 AND Houston
,,77227 AND Houston
,,77228 AND Houston
,,77229 AND Houston
,,77230 AND Houston
,,77231 AND Houston
,,77233 AND Houston
,,77234 AND Houston
,,77235 AND Houston
,,77236 AND Houston
,,77237 AND Houston
,,77238 AND Houston
,,77240 AND Houston
,,77241 AND Houston
,,77242 AND Houston
,,77243 AND Houston
,,77244 AND Houston
,,77245 AND Houston
,,77248 AND Houston
,,77249 AND Houston
,,77251 AND Houston
,,77252 AND Houston
,,77253 AND Houston
,,77254 AND Houston
,,77255 AND Houston
,,77256 AND Houston
,,77257 AND Houston
,,77258 AND Houston
,,77259 AND Houston
,,77261 AND Houston
,,77262 AND Houston
,,77263 AND Houston
,,77265 AND Houston
,,77266 AND Houston
,,77267 AND Houston
,,77268 AND Houston
,,77269 AND Houston
,,77270 AND Houston
,,77271 AND Houston
,,77272 AND Houston
,,77273 AND Houston
,,77274 AND Houston
,,77275 AND Houston
,,77277 AND Houston
,,77279 AND Houston
,,77280 AND Houston
,,77282 AND Houston
,,77284 AND Houston
,,77287 AND Houston
,,77288 AND Houston
,,77289 AND Houston
,,77290 AND Houston
,,77291 AND Houston
,,77292 AND Houston
,,77293 AND Houston
,,Houston
